name_hotel,url
Victoria Chau Doc Hotel,https://www.tripadvisor.com.vn/Hotel_Review-g311303-d313715-Reviews-Victoria_Chau_Doc_Hotel-Chau_Doc_An_Giang_Province.html
Bao Thy Hotel,https://www.tripadvisor.com.vn/Hotel_Review-g311303-d12961178-Reviews-Bao_Thy_Hotel-Chau_Doc_An_Giang_Province.html
Dong Bao Hotel,https://www.tripadvisor.com.vn/Hotel_Review-g311303-d9756710-Reviews-Dong_Bao_Hotel-Chau_Doc_An_Giang_Province.html
Nhà Nghỉ Minh Kim,https://www.tripadvisor.com.vn/Hotel_Review-g311303-d14960846-Reviews-Nha_Nghi_Minh_Kim-Chau_Doc_An_Giang_Province.html
Nhà Nghỉ Dinh Thành Công,https://www.tripadvisor.com.vn/Hotel_Review-g311303-d10517605-Reviews-Dinh_Thanh_Cong_Guesthouse-Chau_Doc_An_Giang_Province.html
Phong Lan Guesthouse,https://www.tripadvisor.com.vn/Hotel_Review-g311303-d12793714-Reviews-Phong_Lan_Guesthouse-Chau_Doc_An_Giang_Province.html
Chau Doc Home Stay,https://www.tripadvisor.com.vn/Hotel_Review-g311303-d4167657-Reviews-Chau_Doc_Home_Stay-Chau_Doc_An_Giang_Province.html
SFO Hotel,https://www.tripadvisor.com.vn/Hotel_Review-g311303-d12904168-Reviews-SFO_Hotel-Chau_Doc_An_Giang_Province.html
Nhà Nghỉ Hải Vân,https://www.tripadvisor.com.vn/Hotel_Review-g311303-d12295922-Reviews-Hai_Van_Guesthouse-Chau_Doc_An_Giang_Province.html
Thanh Van 2 Guesthouse,https://www.tripadvisor.com.vn/Hotel_Review-g311303-d12165167-Reviews-Thanh_Van_2_Guesthouse-Chau_Doc_An_Giang_Province.html
Minh Trang Motel,https://www.tripadvisor.com.vn/Hotel_Review-g311303-d12804811-Reviews-Minh_Trang_Motel-Chau_Doc_An_Giang_Province.html
Thanh Nam 2 Mini Hotel,https://www.tripadvisor.com.vn/Hotel_Review-g311303-d3794392-Reviews-Thanh_Nam_2_Mini_Hotel-Chau_Doc_An_Giang_Province.html
Phu Thong,https://www.tripadvisor.com.vn/Hotel_Review-g311303-d9779528-Reviews-Phu_Thong-Chau_Doc_An_Giang_Province.html
Susi Nguyen Hotel,https://www.tripadvisor.com.vn/Hotel_Review-g311303-d11435935-Reviews-Susi_Nguyen_Hotel-Chau_Doc_An_Giang_Province.html
Chi Nguyen Hotel,https://www.tripadvisor.com.vn/Hotel_Review-g311303-d9793547-Reviews-Chi_Nguyen_Hotel-Chau_Doc_An_Giang_Province.html
Murray Guesthouse,https://www.tripadvisor.com.vn/Hotel_Review-g311303-d4773094-Reviews-Murray_Guesthouse-Chau_Doc_An_Giang_Province.html
Hoang Duc Hotel,https://www.tripadvisor.com.vn/Hotel_Review-g311303-d8039180-Reviews-Hoang_Duc_Hotel-Chau_Doc_An_Giang_Province.html
Hostel Dang Loi,https://www.tripadvisor.com.vn/Hotel_Review-g311303-d16736833-Reviews-Hostel_Dang_Loi-Chau_Doc_An_Giang_Province.html
Victoria Nui Sam Lodge,https://www.tripadvisor.com.vn/Hotel_Review-g311303-d5921904-Reviews-Victoria_Nui_Sam_Lodge-Chau_Doc_An_Giang_Province.html
Khách sạn Trung Nguyên,https://www.tripadvisor.com.vn/Hotel_Review-g311303-d601995-Reviews-Trung_Nguyen_Hotel-Chau_Doc_An_Giang_Province.html
Hung Cuong Hotel,https://www.tripadvisor.com.vn/Hotel_Review-g311303-d7391726-Reviews-Hung_Cuong_Hotel-Chau_Doc_An_Giang_Province.html
Khách sạn Hải Châu,https://www.tripadvisor.com.vn/Hotel_Review-g311303-d1490941-Reviews-Hai_Chau_Hotel-Chau_Doc_An_Giang_Province.html
Dong Xanh Hotel,https://www.tripadvisor.com.vn/Hotel_Review-g311303-d9794497-Reviews-Dong_Xanh_Hotel-Chau_Doc_An_Giang_Province.html
Khách sạn Châu Phố,https://www.tripadvisor.com.vn/Hotel_Review-g311303-d663405-Reviews-Chau_Pho_Hotel-Chau_Doc_An_Giang_Province.html
Song Hao Hotel,https://www.tripadvisor.com.vn/Hotel_Review-g311303-d9784358-Reviews-Song_Hao_Hotel-Chau_Doc_An_Giang_Province.html
Vy Khanh Guesthouse,https://www.tripadvisor.com.vn/Hotel_Review-g311303-d6121115-Reviews-Vy_Khanh_Guesthouse-Chau_Doc_An_Giang_Province.html
Kieu Lan Hotel,https://www.tripadvisor.com.vn/Hotel_Review-g311303-d12804801-Reviews-Kieu_Lan_Hotel-Chau_Doc_An_Giang_Province.html
Dong Nam,https://www.tripadvisor.com.vn/Hotel_Review-g311303-d803314-Reviews-Dong_Nam-Chau_Doc_An_Giang_Province.html
Anh Van Guesthouse,https://www.tripadvisor.com.vn/Hotel_Review-g311303-d12414312-Reviews-Anh_Van_Guesthouse-Chau_Doc_An_Giang_Province.html
Ngoc May Guesthouse,https://www.tripadvisor.com.vn/Hotel_Review-g311303-d12806176-Reviews-Ngoc_May_Guesthouse-Chau_Doc_An_Giang_Province.html
Bao Bao Hotel,https://www.tripadvisor.com.vn/Hotel_Review-g311303-d9780859-Reviews-Bao_Bao_Hotel-Chau_Doc_An_Giang_Province.html
Hoa Ly Guesthouse,https://www.tripadvisor.com.vn/Hotel_Review-g311303-d12455047-Reviews-Hoa_Ly_Guesthouse-Chau_Doc_An_Giang_Province.html
Lam Hung Ky Motel,https://www.tripadvisor.com.vn/Hotel_Review-g311303-d9782935-Reviews-Lam_Hung_Ky_Motel-Chau_Doc_An_Giang_Province.html
May va Nui Hotel and Restaurant - Tram Anh,https://www.tripadvisor.com.vn/Hotel_Review-g311303-d6834471-Reviews-May_va_Nui_Hotel_and_Restaurant_Tram_Anh-Chau_Doc_An_Giang_Province.html
Ngoc Hung Mai Hostel,https://www.tripadvisor.com.vn/Hotel_Review-g311303-d12258518-Reviews-Ngoc_Hung_Mai_Hostel-Chau_Doc_An_Giang_Province.html
Nhà Nghỉ Khánh Toàn,https://www.tripadvisor.com.vn/Hotel_Review-g311303-d14029717-Reviews-Nha_Nghi_Khanh_Toan-Chau_Doc_An_Giang_Province.html
Phu Vinh Hotel,https://www.tripadvisor.com.vn/Hotel_Review-g311303-d9786782-Reviews-Phu_Vinh_Hotel-Chau_Doc_An_Giang_Province.html
Sao Mai Resort Chau Doc Ks.Ben Da Nui Sam,https://www.tripadvisor.com.vn/Hotel_Review-g311303-d15517475-Reviews-Sao_Mai_Resort_Chau_Doc_Ks_Ben_Da_Nui_Sam-Chau_Doc_An_Giang_Province.html
Song Giang Hotel (Ngoc Gia Trang),https://www.tripadvisor.com.vn/Hotel_Review-g311303-d9787251-Reviews-Song_Giang_Hotel_Ngoc_Gia_Trang-Chau_Doc_An_Giang_Province.html
Ben Da Nui Sam Hotel,https://www.tripadvisor.com.vn/Hotel_Review-g311303-d1174365-Reviews-Ben_Da_Nui_Sam_Hotel-Chau_Doc_An_Giang_Province.html
Van Huong Mai Resort,https://www.tripadvisor.com.vn/Hotel_Review-g311303-d3752968-Reviews-Van_Huong_Mai_Resort-Chau_Doc_An_Giang_Province.html
Satisfy Hotel,https://www.tripadvisor.com.vn/Hotel_Review-g311303-d2642586-Reviews-Satisfy_Hotel-Chau_Doc_An_Giang_Province.html
A Chau Hotel,https://www.tripadvisor.com.vn/Hotel_Review-g311303-d9782942-Reviews-A_Chau_Hotel-Chau_Doc_An_Giang_Province.html
Ky An Hotel,https://www.tripadvisor.com.vn/Hotel_Review-g311303-d1047987-Reviews-Ky_An_Hotel-Chau_Doc_An_Giang_Province.html
Long Chau Resort,https://www.tripadvisor.com.vn/Hotel_Review-g311303-d1016319-Reviews-Long_Chau_Resort-Chau_Doc_An_Giang_Province.html
Thanh Nam 2,https://www.tripadvisor.com.vn/Hotel_Review-g311303-d2151108-Reviews-Thanh_Nam_2-Chau_Doc_An_Giang_Province.html
Vinh Phuoc Hotel & Restaurant,https://www.tripadvisor.com.vn/Hotel_Review-g311303-d668168-Reviews-Vinh_Phuoc_Hotel_Restaurant-Chau_Doc_An_Giang_Province.html
Khách sạn Tài Ngân,https://www.tripadvisor.com.vn/Hotel_Review-g311303-d1227251-Reviews-Tai_Ngan_Hotel-Chau_Doc_An_Giang_Province.html
Hoan Chau Hotel,https://www.tripadvisor.com.vn/Hotel_Review-g311303-d7154822-Reviews-Hoan_Chau_Hotel-Chau_Doc_An_Giang_Province.html
Khách Sạn Đăng Khôi,https://www.tripadvisor.com.vn/Hotel_Review-g311303-d15067401-Reviews-Dang_Khoi_Hotel-Chau_Doc_An_Giang_Province.html
Khách sạn Trâm Anh,https://www.tripadvisor.com.vn/Hotel_Review-g311303-d7256706-Reviews-Tram_Anh_Hotel-Chau_Doc_An_Giang_Province.html
My Loc,https://www.tripadvisor.com.vn/Hotel_Review-g311303-d1227254-Reviews-My_Loc-Chau_Doc_An_Giang_Province.html
Song Lac Hotel,https://www.tripadvisor.com.vn/Hotel_Review-g311303-d5207529-Reviews-Song_Lac_Hotel-Chau_Doc_An_Giang_Province.html
Tram Dung Chau Doc Hotel,https://www.tripadvisor.com.vn/Hotel_Review-g311303-d4168314-Reviews-Tram_Dung_Chau_Doc_Hotel-Chau_Doc_An_Giang_Province.html
Victoria Nui Sam Lodge,https://www.tripadvisor.com.vn/Hotel_Review-g311303-d5921904-Reviews-Victoria_Nui_Sam_Lodge-Chau_Doc_An_Giang_Province.html
Khách sạn Trung Nguyên,https://www.tripadvisor.com.vn/Hotel_Review-g311303-d601995-Reviews-Trung_Nguyen_Hotel-Chau_Doc_An_Giang_Province.html
Hung Cuong Hotel,https://www.tripadvisor.com.vn/Hotel_Review-g311303-d7391726-Reviews-Hung_Cuong_Hotel-Chau_Doc_An_Giang_Province.html
Khách sạn Hải Châu,https://www.tripadvisor.com.vn/Hotel_Review-g311303-d1490941-Reviews-Hai_Chau_Hotel-Chau_Doc_An_Giang_Province.html
Khách sạn Châu Phố,https://www.tripadvisor.com.vn/Hotel_Review-g311303-d663405-Reviews-Chau_Pho_Hotel-Chau_Doc_An_Giang_Province.html
Dong Xanh Hotel,https://www.tripadvisor.com.vn/Hotel_Review-g311303-d9794497-Reviews-Dong_Xanh_Hotel-Chau_Doc_An_Giang_Province.html
Song Hao Hotel,https://www.tripadvisor.com.vn/Hotel_Review-g311303-d9784358-Reviews-Song_Hao_Hotel-Chau_Doc_An_Giang_Province.html
Vy Khanh Guesthouse,https://www.tripadvisor.com.vn/Hotel_Review-g311303-d6121115-Reviews-Vy_Khanh_Guesthouse-Chau_Doc_An_Giang_Province.html
Kieu Lan Hotel,https://www.tripadvisor.com.vn/Hotel_Review-g311303-d12804801-Reviews-Kieu_Lan_Hotel-Chau_Doc_An_Giang_Province.html
Dong Nam,https://www.tripadvisor.com.vn/Hotel_Review-g311303-d803314-Reviews-Dong_Nam-Chau_Doc_An_Giang_Province.html
Anh Van Guesthouse,https://www.tripadvisor.com.vn/Hotel_Review-g311303-d12414312-Reviews-Anh_Van_Guesthouse-Chau_Doc_An_Giang_Province.html
Đại Lợi Hotel,https://www.tripadvisor.com.vn/Hotel_Review-g311303-d10056063-Reviews-Dai_Loi_Hotel-Chau_Doc_An_Giang_Province.html
