name_location,identify_link,link
Khách sạn tại Buôn Ma Thuột,Buon_Ma_Thuot_Dak_Lak_Province,https://www.tripadvisor.com.vn/Hotels-g670918-Buon_Ma_Thuot_Dak_Lak_Province-Hotels.html
Khách sạn tại Cát Bà,Cat_Ba,https://www.tripadvisor.com.vn/Hotels-g737051-Cat_Ba-Hotels.html
Khách sạn tại Cần Thơ,Can_Tho_Mekong_Delta,https://www.tripadvisor.com.vn/Hotels-g303942-Can_Tho_Mekong_Delta-Hotels.html
Khách sạn tại Châu Đốc,Chau_Doc_An_Giang_Province,https://www.tripadvisor.com.vn/Hotels-g311303-Chau_Doc_An_Giang_Province-Hotels.html
Khách sạn tại Dương Đông,Duong_Dong_Phu_Quoc_Island_Kien_Giang_Province,https://www.tripadvisor.com.vn/Hotels-g1184679-Duong_Dong_Phu_Quoc_Island_Kien_Giang_Province-Hotels.html
Khách sạn tại Đà Lạt,Da_Lat_Lam_Dong_Province,https://www.tripadvisor.com.vn/Hotels-g293922-Da_Lat_Lam_Dong_Province-Hotels.html
Khách sạn tại Đà Nẵng,Da_Nang,https://www.tripadvisor.com.vn/Hotels-g298085-Da_Nang-Hotels.html
Khách sạn tại Đảo Phú Quốc,Phu_Quoc_Island_Kien_Giang_Province,https://www.tripadvisor.com.vn/Hotels-g469418-Phu_Quoc_Island_Kien_Giang_Province-Hotels.html
Khách sạn tại Đồng Hới,Dong_Hoi_Quang_Binh_Province,https://www.tripadvisor.com.vn/Hotels-g659924-Dong_Hoi_Quang_Binh_Province-Hotels.html
Khách sạn tại Hà Nội,Hanoi,https://www.tripadvisor.com.vn/Hotels-g293924-Hanoi-Hotels.html
Khách sạn tại Hội An,Hoi_An_Quang_Nam_Province,https://www.tripadvisor.com.vn/Hotels-g298082-Hoi_An_Quang_Nam_Province-Hotels.html
Khách sạn tại Huế,Hue_Thua_Thien_Hue_Province,https://www.tripadvisor.com.vn/Hotels-g293926-Hue_Thua_Thien_Hue_Province-Hotels.html
Khách sạn tại Mũi Né,Mui_Ne_Phan_Thiet_Binh_Thuan_Province,https://www.tripadvisor.com.vn/Hotels-g1009804-Mui_Ne_Phan_Thiet_Binh_Thuan_Province-Hotels.html
Khách sạn tại Nha Trang,Nha_Trang_Khanh_Hoa_Province,https://www.tripadvisor.com.vn/Hotels-g293928-Nha_Trang_Khanh_Hoa_Province-Hotels.html
Khách sạn tại Ninh Bình,Ninh_Binh_Ninh_Binh_Province,https://www.tripadvisor.com.vn/Hotels-g303945-Ninh_Binh_Ninh_Binh_Province-Hotels.html
Khách sạn tại Phan Thiết,Phan_Thiet_Binh_Thuan_Province,https://www.tripadvisor.com.vn/Hotels-g298086-Phan_Thiet_Binh_Thuan_Province-Hotels.html
Khách sạn tại Phan Thiết,Phan_Thiet_Binh_Thuan_Province,https://www.tripadvisor.com.vn/Hotels-g298086-Phan_Thiet_Binh_Thuan_Province-Hotels.html
Khách sạn tại Quy Nhơn,Quy_Nhon_Binh_Dinh_Province,https://www.tripadvisor.com.vn/Hotels-g608528-Quy_Nhon_Binh_Dinh_Province-Hotels.html
Khách sạn tại Sapa,Sapa_Lao_Cai_Province,https://www.tripadvisor.com.vn/Hotels-g311304-Sapa_Lao_Cai_Province-Hotels.html
Khách sạn tại Thành phố Hải Phòng,Hai_Phong,https://www.tripadvisor.com.vn/Hotels-g303944-Hai_Phong-Hotels.html
Khách sạn tại Thành phố Hồ Chí Minh,Ho_Chi_Minh_City,https://www.tripadvisor.com.vn/Hotels-g293925-Ho_Chi_Minh_City-Hotels.html
Khách sạn tại Vinh,Vinh_Nghe_An_Province,https://www.tripadvisor.com.vn/Hotels-g1554764-Vinh_Nghe_An_Province-Hotels.html
Khách sạn tại Vịnh Hạ Long,Halong_Bay_Quang_Ninh_Province,https://www.tripadvisor.com.vn/Hotels-g293923-Halong_Bay_Quang_Ninh_Province-Hotels.html
Khách sạn tại Vũng Tàu,Vung_Tau_Ba_Ria_Vung_Tau_Province,https://www.tripadvisor.com.vn/Hotels-g303946-Vung_Tau_Ba_Ria_Vung_Tau_Province-Hotels.html
Khách sạn tại Bangkok,Bangkok,https://www.tripadvisor.com.vn/Hotels-g293916-Bangkok-Hotels.html
Khách sạn tại Bắc Kinh,Beijing,https://www.tripadvisor.com.vn/Hotels-g294212-Beijing-Hotels.html
Khách sạn tại Chiang Mai,Chiang_Mai,https://www.tripadvisor.com.vn/Hotels-g293917-Chiang_Mai-Hotels.html
Khách sạn tại Đài Bắc,Taipei,https://www.tripadvisor.com.vn/Hotels-g293913-Taipei-Hotels.html
Khách sạn tại Hồng Kông,Hong_Kong,https://www.tripadvisor.com.vn/Hotels-g294217-Hong_Kong-Hotels.html
Khách sạn tại Jakarta,Jakarta_Java,https://www.tripadvisor.com.vn/Hotels-g294229-Jakarta_Java-Hotels.html
Khách sạn tại Kuala Lumpur,Kuala_Lumpur_Wilayah_Persekutuan,https://www.tripadvisor.com.vn/Hotels-g298570-Kuala_Lumpur_Wilayah_Persekutuan-Hotels.html
Khách sạn tại Kyoto,Kyoto_Kyoto_Prefecture_Kinki,https://www.tripadvisor.com.vn/Hotels-g298564-Kyoto_Kyoto_Prefecture_Kinki-Hotels.html
Khách sạn tại Ma Cao,Macau,https://www.tripadvisor.com.vn/Hotels-g664891-Macau-Hotels.html
Khách sạn tại Manila,Manila_Metro_Manila_Luzon,https://www.tripadvisor.com.vn/Hotels-g298573-Manila_Metro_Manila_Luzon-Hotels.html
Khách sạn tại Minato,Minato_Tokyo_Tokyo_Prefecture_Kanto,https://www.tripadvisor.com.vn/Hotels-g1066451-Minato_Tokyo_Tokyo_Prefecture_Kanto-Hotels.html
Khách sạn tại Osaka,Osaka_Osaka_Prefecture_Kinki,https://www.tripadvisor.com.vn/Hotels-g298566-Osaka_Osaka_Prefecture_Kinki-Hotels.html
Khách sạn tại Pattaya,Pattaya_Chonburi_Province,https://www.tripadvisor.com.vn/Hotels-g293919-Pattaya_Chonburi_Province-Hotels.html
Khách sạn tại Phnom Penh,Phnom_Penh,https://www.tripadvisor.com.vn/Hotels-g293940-Phnom_Penh-Hotels.html
Khách sạn tại Quảng Châu,Guangzhou_Guangdong,https://www.tripadvisor.com.vn/Hotels-g298555-Guangzhou_Guangdong-Hotels.html
Khách sạn tại Sapporo,Sapporo_Hokkaido,https://www.tripadvisor.com.vn/Hotels-g298560-Sapporo_Hokkaido-Hotels.html
Khách sạn tại Sendai,Sendai_Miyagi_Prefecture_Tohoku,https://www.tripadvisor.com.vn/Hotels-g298249-Sendai_Miyagi_Prefecture_Tohoku-Hotels.html
Khách sạn tại Seoul,Seoul,https://www.tripadvisor.com.vn/Hotels-g294197-Seoul-Hotels.html
Khách sạn tại Shibuya,Shibuya_Tokyo_Tokyo_Prefecture_Kanto,https://www.tripadvisor.com.vn/Hotels-g1066456-Shibuya_Tokyo_Tokyo_Prefecture_Kanto-Hotels.html
Khách sạn tại Shinjuku,Shinjuku_Tokyo_Tokyo_Prefecture_Kanto,https://www.tripadvisor.com.vn/Hotels-g1066457-Shinjuku_Tokyo_Tokyo_Prefecture_Kanto-Hotels.html
Khách sạn tại Siem Reap,Siem_Reap_Siem_Reap_Province,https://www.tripadvisor.com.vn/Hotels-g297390-Siem_Reap_Siem_Reap_Province-Hotels.html
Khách sạn tại Singapore,Singapore,https://www.tripadvisor.com.vn/Hotels-g294265-Singapore-Hotels.html
Khách sạn tại Thượng Hải,Shanghai,https://www.tripadvisor.com.vn/Hotels-g308272-Shanghai-Hotels.html
Khách sạn tại Yangon (Rangoon),Yangon_Rangoon_Yangon_Region,https://www.tripadvisor.com.vn/Hotels-g294191-Yangon_Rangoon_Yangon_Region-Hotels.html
Khách sạn tại Ao Nang,Ao_Nang_Krabi_Town_Krabi_Province,https://www.tripadvisor.com.vn/Hotels-g1507054-Ao_Nang_Krabi_Town_Krabi_Province-Hotels.html
Khách sạn tại Bãi biển Kata,Kata_Beach_Karon_Phuket,https://www.tripadvisor.com.vn/Hotels-g1210687-Kata_Beach_Karon_Phuket-Hotels.html
Khách sạn tại Bali,Bali,https://www.tripadvisor.com.vn/Hotels-g294226-Bali-Hotels.html
Khách sạn tại Boracay,Boracay_Malay_Aklan_Province_Panay_Island_Visayas,https://www.tripadvisor.com.vn/Hotels-g294260-Boracay_Malay_Aklan_Province_Panay_Island_Visayas-Hotels.html
Khách sạn tại Chiyoda,Chiyoda_Tokyo_Tokyo_Prefecture_Kanto,https://www.tripadvisor.com.vn/Hotels-g1066443-Chiyoda_Tokyo_Tokyo_Prefecture_Kanto-Hotels.html
Khách sạn tại Đảo Sentosa,Sentosa_Island,https://www.tripadvisor.com.vn/Hotels-g294264-Sentosa_Island-Hotels.html
Khách sạn tại Hua Hin,Hua_Hin_Prachuap_Khiri_Khan_Province,https://www.tripadvisor.com.vn/Hotels-g297922-Hua_Hin_Prachuap_Khiri_Khan_Province-Hotels.html
Khách sạn tại Koh Phangan,Ko_Pha_Ngan_Surat_Thani_Province,https://www.tripadvisor.com.vn/Hotels-g303907-Ko_Pha_Ngan_Surat_Thani_Province-Hotels.html
Khách sạn tại Koh Samui,Ko_Samui_Surat_Thani_Province,https://www.tripadvisor.com.vn/Hotels-g293918-Ko_Samui_Surat_Thani_Province-Hotels.html
Khách sạn tại Koh Tao,Koh_Tao_Surat_Thani_Province,https://www.tripadvisor.com.vn/Hotels-g303910-Koh_Tao_Surat_Thani_Province-Hotels.html
Khách sạn tại Ko Phi Phi Don,Ko_Phi_Phi_Don_Krabi_Province,https://www.tripadvisor.com.vn/Hotels-g303908-Ko_Phi_Phi_Don_Krabi_Province-Hotels.html
Khách sạn tại Kota Kinabalu,Kota_Kinabalu_Kota_Kinabalu_District_West_Coast_Division_Sabah,https://www.tripadvisor.com.vn/Hotels-g298307-Kota_Kinabalu_Kota_Kinabalu_District_West_Coast_Division_Sabah-Hotels.html
Khách sạn tại Kuta,Kuta_Kuta_District_Bali,https://www.tripadvisor.com.vn/Hotels-g297697-Kuta_Kuta_District_Bali-Hotels.html
Khách sạn tại Langkawi,Langkawi_Langkawi_District_Kedah,https://www.tripadvisor.com.vn/Hotels-g298283-Langkawi_Langkawi_District_Kedah-Hotels.html
Khách sạn tại Luang Prabang,Luang_Prabang_Luang_Prabang_Province,https://www.tripadvisor.com.vn/Hotels-g295415-Luang_Prabang_Luang_Prabang_Province-Hotels.html
Khách sạn tại Nusa Dua,Nusa_Dua_Nusa_Dua_Peninsula_Bali,https://www.tripadvisor.com.vn/Hotels-g297698-Nusa_Dua_Nusa_Dua_Peninsula_Bali-Hotels.html
Khách sạn tại Patong,Patong_Kathu_Phuket,https://www.tripadvisor.com.vn/Hotels-g297930-Patong_Kathu_Phuket-Hotels.html
Khách sạn tại Seminyak,Seminyak_Kuta_District_Bali,https://www.tripadvisor.com.vn/Hotels-g469404-Seminyak_Kuta_District_Bali-Hotels.html
Khách sạn tại Sihanoukville,Sihanoukville_Sihanoukville_Province,https://www.tripadvisor.com.vn/Hotels-g325573-Sihanoukville_Sihanoukville_Province-Hotels.html
Khách sạn tại Ubud,Ubud_Gianyar_Regency_Bali,https://www.tripadvisor.com.vn/Hotels-g297701-Ubud_Gianyar_Regency_Bali-Hotels.html
Khách sạn tại Vientiane,Vientiane_Vientiane_Prefecture,https://www.tripadvisor.com.vn/Hotels-g293950-Vientiane_Vientiane_Prefecture-Hotels.html
Khách sạn tại Amsterdam,Amsterdam_North_Holland_Province,https://www.tripadvisor.com.vn/Hotels-g188590-Amsterdam_North_Holland_Province-Hotels.html
Khách sạn tại Barcelona,Barcelona_Catalonia,https://www.tripadvisor.com.vn/Hotels-g187497-Barcelona_Catalonia-Hotels.html
Khách sạn tại Frankfurt,Frankfurt_Hesse,https://www.tripadvisor.com.vn/Hotels-g187337-Frankfurt_Hesse-Hotels.html
Khách sạn tại London,London_England,https://www.tripadvisor.com.vn/Hotels-g186338-London_England-Hotels.html
Khách sạn tại Moscow,Moscow_Central_Russia,https://www.tripadvisor.com.vn/Hotels-g298484-Moscow_Central_Russia-Hotels.html
Khách sạn tại Paris,Paris_Ile_de_France,https://www.tripadvisor.com.vn/Hotels-g187147-Paris_Ile_de_France-Hotels.html
Khách sạn tại Rome,Rome_Lazio,https://www.tripadvisor.com.vn/Hotels-g187791-Rome_Lazio-Hotels.html
Khách sạn tại Venice,Venice_Veneto,https://www.tripadvisor.com.vn/Hotels-g187870-Venice_Veneto-Hotels.html
Khách sạn tại Bãi biển Miami,Miami_Beach_Florida,https://www.tripadvisor.com.vn/Hotels-g34439-Miami_Beach_Florida-Hotels.html
Khách sạn tại Chicago,Chicago_Illinois,https://www.tripadvisor.com.vn/Hotels-g35805-Chicago_Illinois-Hotels.html
Khách sạn tại Honolulu,Honolulu_Oahu_Hawaii,https://www.tripadvisor.com.vn/Hotels-g60982-Honolulu_Oahu_Hawaii-Hotels.html
Khách sạn tại Las Vegas,Las_Vegas_Nevada,https://www.tripadvisor.com.vn/Hotels-g45963-Las_Vegas_Nevada-Hotels.html
Khách sạn tại New Orleans,New_Orleans_Louisiana,https://www.tripadvisor.com.vn/Hotels-g60864-New_Orleans_Louisiana-Hotels.html
Khách sạn tại San Francisco,San_Francisco_California,https://www.tripadvisor.com.vn/Hotels-g60713-San_Francisco_California-Hotels.html
Khách sạn tại Seattle,Seattle_Washington,https://www.tripadvisor.com.vn/Hotels-g60878-Seattle_Washington-Hotels.html
Khách sạn tại Thành phố New York,New_York_City_New_York,https://www.tripadvisor.com.vn/Hotels-g60763-New_York_City_New_York-Hotels.html
