username_author,link_username_author,link_content_comment
Ho B,https://www.tripadvisor.com.vn/Profile/hob918,https://www.tripadvisor.com.vn/ShowUserReviews-g670918-d12106172-r542099003-Lys_Hotel-Buon_Ma_Thuot_Dak_Lak_Province.html
Teddy Duong,https://www.tripadvisor.com.vn/Profile/Teddy1312,https://www.tripadvisor.com.vn/ShowUserReviews-g670918-d12106172-r499311812-Lys_Hotel-Buon_Ma_Thuot_Dak_Lak_Province.html
hurleyswork,https://www.tripadvisor.com.vn/Profile/hurleyswork,https://www.tripadvisor.com.vn/ShowUserReviews-g670918-d12106172-r485561643-Lys_Hotel-Buon_Ma_Thuot_Dak_Lak_Province.html
keeleyjade_x,https://www.tripadvisor.com.vn/Profile/keeleyjade_x,https://www.tripadvisor.com.vn/ShowUserReviews-g670918-d12106172-r483546374-Lys_Hotel-Buon_Ma_Thuot_Dak_Lak_Province.html
DZOO,https://www.tripadvisor.com.vn/Profile/DZOO,https://www.tripadvisor.com.vn/ShowUserReviews-g670918-d12106172-r463124899-Lys_Hotel-Buon_Ma_Thuot_Dak_Lak_Province.html
Joao Galvao,https://www.tripadvisor.com.vn/Profile/703jo_og,https://www.tripadvisor.com.vn/ShowUserReviews-g670918-d2525995-r633422273-Eden_Hotel-Buon_Ma_Thuot_Dak_Lak_Province.html
Passport76916,https://www.tripadvisor.com.vn/Profile/Passport76916,https://www.tripadvisor.com.vn/ShowUserReviews-g670918-d2525995-r584330039-Eden_Hotel-Buon_Ma_Thuot_Dak_Lak_Province.html
Otomar S,https://www.tripadvisor.com.vn/Profile/otomars2017,https://www.tripadvisor.com.vn/ShowUserReviews-g670918-d2525995-r520223126-Eden_Hotel-Buon_Ma_Thuot_Dak_Lak_Province.html
SirandMommie,https://www.tripadvisor.com.vn/Profile/SirandMommie,https://www.tripadvisor.com.vn/ShowUserReviews-g670918-d2525995-r478265767-Eden_Hotel-Buon_Ma_Thuot_Dak_Lak_Province.html
Long Trần Tiến,https://www.tripadvisor.com.vn/Profile/Longtrantien,https://www.tripadvisor.com.vn/ShowUserReviews-g670918-d4784148-r462275887-Ngoc_Mai_Guesthouse-Buon_Ma_Thuot_Dak_Lak_Province.html
DinhVanHung,https://www.tripadvisor.com.vn/Profile/DinhVanHung,https://www.tripadvisor.com.vn/ShowUserReviews-g670918-d4784148-r310989874-Ngoc_Mai_Guesthouse-Buon_Ma_Thuot_Dak_Lak_Province.html
Glenn W,https://www.tripadvisor.com.vn/Profile/607glennw,https://www.tripadvisor.com.vn/ShowUserReviews-g670918-d4784148-r652685372-Ngoc_Mai_Guesthouse-Buon_Ma_Thuot_Dak_Lak_Province.html
nguyenphuoc_myan,https://www.tripadvisor.com.vn/Profile/nguyenphuoc_myan,https://www.tripadvisor.com.vn/ShowUserReviews-g670918-d4784148-r499007251-Ngoc_Mai_Guesthouse-Buon_Ma_Thuot_Dak_Lak_Province.html
Andrea S,https://www.tripadvisor.com.vn/Profile/andreasavaiano,https://www.tripadvisor.com.vn/ShowUserReviews-g670918-d4784148-r490592755-Ngoc_Mai_Guesthouse-Buon_Ma_Thuot_Dak_Lak_Province.html
129lau2016,https://www.tripadvisor.com.vn/Profile/129lau2016,https://www.tripadvisor.com.vn/ShowUserReviews-g670918-d7218537-r340825539-Hai_Ba_Trung_Hotel-Buon_Ma_Thuot_Dak_Lak_Province.html
Dutch Brother,https://www.tripadvisor.com.vn/Profile/DutchBrother,https://www.tripadvisor.com.vn/ShowUserReviews-g670918-d7218537-r664405973-Hai_Ba_Trung_Hotel-Buon_Ma_Thuot_Dak_Lak_Province.html
grazza23,https://www.tripadvisor.com.vn/Profile/grazza23,https://www.tripadvisor.com.vn/ShowUserReviews-g670918-d7218537-r582321198-Hai_Ba_Trung_Hotel-Buon_Ma_Thuot_Dak_Lak_Province.html
david s,https://www.tripadvisor.com.vn/Profile/149davids,https://www.tripadvisor.com.vn/ShowUserReviews-g670918-d7218537-r557719238-Hai_Ba_Trung_Hotel-Buon_Ma_Thuot_Dak_Lak_Province.html
Gilberto C,https://www.tripadvisor.com.vn/Profile/407gilbertoc,https://www.tripadvisor.com.vn/ShowUserReviews-g670918-d7218537-r482108137-Hai_Ba_Trung_Hotel-Buon_Ma_Thuot_Dak_Lak_Province.html
SeoYool92,https://www.tripadvisor.com.vn/Profile/SeoYool92,https://www.tripadvisor.com.vn/ShowUserReviews-g670918-d12545164-r595881085-An_Nhien_Hotel-Buon_Ma_Thuot_Dak_Lak_Province.html
CHÂU T,https://www.tripadvisor.com.vn/Profile/BoardingPass763210,https://www.tripadvisor.com.vn/ShowUserReviews-g670918-d12545164-r569224075-An_Nhien_Hotel-Buon_Ma_Thuot_Dak_Lak_Province.html
Lephuchau,https://www.tripadvisor.com.vn/Profile/Lephuchau,https://www.tripadvisor.com.vn/ShowUserReviews-g670918-d12545164-r559817630-An_Nhien_Hotel-Buon_Ma_Thuot_Dak_Lak_Province.html
GORDONALAN,https://www.tripadvisor.com.vn/Profile/GORDONALAN,https://www.tripadvisor.com.vn/ShowUserReviews-g670918-d12545164-r552847748-An_Nhien_Hotel-Buon_Ma_Thuot_Dak_Lak_Province.html
Kristýna B,https://www.tripadvisor.com.vn/Profile/624krist_nab,https://www.tripadvisor.com.vn/ShowUserReviews-g670918-d12545164-r549729773-An_Nhien_Hotel-Buon_Ma_Thuot_Dak_Lak_Province.html
Đinh S,https://www.tripadvisor.com.vn/Profile/BackPacker676546,https://www.tripadvisor.com.vn/ShowUserReviews-g670918-d6577153-r431420455-Coffee_Tour_Resort-Buon_Ma_Thuot_Dak_Lak_Province.html
Tram H,https://www.tripadvisor.com.vn/Profile/TramH33,https://www.tripadvisor.com.vn/ShowUserReviews-g670918-d6577153-r428600285-Coffee_Tour_Resort-Buon_Ma_Thuot_Dak_Lak_Province.html
Thu Van N,https://www.tripadvisor.com.vn/Profile/maynguyen273,https://www.tripadvisor.com.vn/ShowUserReviews-g670918-d6577153-r375640334-Coffee_Tour_Resort-Buon_Ma_Thuot_Dak_Lak_Province.html
Dominic P,https://www.tripadvisor.com.vn/Profile/300dominicp,https://www.tripadvisor.com.vn/ShowUserReviews-g670918-d6577153-r577824208-Coffee_Tour_Resort-Buon_Ma_Thuot_Dak_Lak_Province.html
Kayren2014,https://www.tripadvisor.com.vn/Profile/Kayren2014,https://www.tripadvisor.com.vn/ShowUserReviews-g670918-d6577153-r561403958-Coffee_Tour_Resort-Buon_Ma_Thuot_Dak_Lak_Province.html
Hong V,https://www.tripadvisor.com.vn/Profile/HongV72,https://www.tripadvisor.com.vn/ShowUserReviews-g670918-d4167247-r568542105-H_T_Hotel_Daklak-Buon_Ma_Thuot_Dak_Lak_Province.html
Trang T,https://www.tripadvisor.com.vn/Profile/TrangT603,https://www.tripadvisor.com.vn/ShowUserReviews-g670918-d4167247-r568373613-H_T_Hotel_Daklak-Buon_Ma_Thuot_Dak_Lak_Province.html
Thanh N,https://www.tripadvisor.com.vn/Profile/ThanhN1253,https://www.tripadvisor.com.vn/ShowUserReviews-g670918-d4167247-r567603355-H_T_Hotel_Daklak-Buon_Ma_Thuot_Dak_Lak_Province.html
Bino V,https://www.tripadvisor.com.vn/Profile/BinoV11,https://www.tripadvisor.com.vn/ShowUserReviews-g670918-d4167247-r567601640-H_T_Hotel_Daklak-Buon_Ma_Thuot_Dak_Lak_Province.html
pro Q,https://www.tripadvisor.com.vn/Profile/proQ3,https://www.tripadvisor.com.vn/ShowUserReviews-g670918-d4167247-r567586775-H_T_Hotel_Daklak-Buon_Ma_Thuot_Dak_Lak_Province.html
HOANGAN19071987,https://www.tripadvisor.com.vn/Profile/HOANGAN19071987,https://www.tripadvisor.com.vn/ShowUserReviews-g670918-d12130390-r634752643-Muong_Thanh_Luxury_Buon_Ma_Thuot-Buon_Ma_Thuot_Dak_Lak_Province.html
ToanLe8792,https://www.tripadvisor.com.vn/Profile/ToanLe8792,https://www.tripadvisor.com.vn/ShowUserReviews-g670918-d12130390-r606749531-Muong_Thanh_Luxury_Buon_Ma_Thuot-Buon_Ma_Thuot_Dak_Lak_Province.html
ThamPham91,https://www.tripadvisor.com.vn/Profile/ThamPham91,https://www.tripadvisor.com.vn/ShowUserReviews-g670918-d12130390-r595706109-Muong_Thanh_Luxury_Buon_Ma_Thuot-Buon_Ma_Thuot_Dak_Lak_Province.html
chí n,https://www.tripadvisor.com.vn/Profile/Experience782158,https://www.tripadvisor.com.vn/ShowUserReviews-g670918-d12130390-r589557997-Muong_Thanh_Luxury_Buon_Ma_Thuot-Buon_Ma_Thuot_Dak_Lak_Province.html
chinhiz,https://www.tripadvisor.com.vn/Profile/chinhiz,https://www.tripadvisor.com.vn/ShowUserReviews-g670918-d12130390-r476003422-Muong_Thanh_Luxury_Buon_Ma_Thuot-Buon_Ma_Thuot_Dak_Lak_Province.html
MichaelHung,https://www.tripadvisor.com.vn/Profile/MichaelHung,https://www.tripadvisor.com.vn/ShowUserReviews-g670918-d3251736-r660688134-Saigon_Banme_Hotel-Buon_Ma_Thuot_Dak_Lak_Province.html
Thuong_Event,https://www.tripadvisor.com.vn/Profile/Thuong_Event,https://www.tripadvisor.com.vn/ShowUserReviews-g670918-d3251736-r422705020-Saigon_Banme_Hotel-Buon_Ma_Thuot_Dak_Lak_Province.html
Do Manh Duc,https://www.tripadvisor.com.vn/Profile/LukeDo-67,https://www.tripadvisor.com.vn/ShowUserReviews-g670918-d3251736-r420411588-Saigon_Banme_Hotel-Buon_Ma_Thuot_Dak_Lak_Province.html
monmeomeomeo,https://www.tripadvisor.com.vn/Profile/monmeomeomeo,https://www.tripadvisor.com.vn/ShowUserReviews-g670918-d3251736-r322712994-Saigon_Banme_Hotel-Buon_Ma_Thuot_Dak_Lak_Province.html
HoangYenHo,https://www.tripadvisor.com.vn/Profile/HoangYenHo,https://www.tripadvisor.com.vn/ShowUserReviews-g670918-d3251736-r311690333-Saigon_Banme_Hotel-Buon_Ma_Thuot_Dak_Lak_Province.html
HoangHai009vn,https://www.tripadvisor.com.vn/Profile/HoangHai009vn,https://www.tripadvisor.com.vn/ShowUserReviews-g670918-d1772273-r470501110-Dakruco_Hotel-Buon_Ma_Thuot_Dak_Lak_Province.html
Thủy N,https://www.tripadvisor.com.vn/Profile/Camper664783,https://www.tripadvisor.com.vn/ShowUserReviews-g670918-d1772273-r406519360-Dakruco_Hotel-Buon_Ma_Thuot_Dak_Lak_Province.html
chi h,https://www.tripadvisor.com.vn/Profile/Annyhuynh,https://www.tripadvisor.com.vn/ShowUserReviews-g670918-d1772273-r320577848-Dakruco_Hotel-Buon_Ma_Thuot_Dak_Lak_Province.html
phannhan2015,https://www.tripadvisor.com.vn/Profile/phannhan2015,https://www.tripadvisor.com.vn/ShowUserReviews-g670918-d1772273-r316270248-Dakruco_Hotel-Buon_Ma_Thuot_Dak_Lak_Province.html
Richelle R,https://www.tripadvisor.com.vn/Profile/652richeller,https://www.tripadvisor.com.vn/ShowUserReviews-g670918-d1772273-r200829822-Dakruco_Hotel-Buon_Ma_Thuot_Dak_Lak_Province.html
peteyp999,https://www.tripadvisor.com.vn/Profile/peteyp999,https://www.tripadvisor.com.vn/ShowUserReviews-g670918-d12545164-r532233552-An_Nhien_Hotel-Buon_Ma_Thuot_Dak_Lak_Province.html
Alistair D,https://www.tripadvisor.com.vn/Profile/430alistaird,https://www.tripadvisor.com.vn/ShowUserReviews-g670918-d4784148-r480434546-Ngoc_Mai_Guesthouse-Buon_Ma_Thuot_Dak_Lak_Province.html
Gianluigi L,https://www.tripadvisor.com.vn/Profile/gimpsy,https://www.tripadvisor.com.vn/ShowUserReviews-g670918-d4784148-r456321191-Ngoc_Mai_Guesthouse-Buon_Ma_Thuot_Dak_Lak_Province.html
andymt1965,https://www.tripadvisor.com.vn/Profile/andymt1965,https://www.tripadvisor.com.vn/ShowUserReviews-g670918-d3221742-r602336597-Dam_San_Hotel-Buon_Ma_Thuot_Dak_Lak_Province.html
gtrot,https://www.tripadvisor.com.vn/Profile/gtrot,https://www.tripadvisor.com.vn/ShowUserReviews-g670918-d3221742-r560053944-Dam_San_Hotel-Buon_Ma_Thuot_Dak_Lak_Province.html
RyanDg35,https://www.tripadvisor.com.vn/Profile/RyanDg35,https://www.tripadvisor.com.vn/ShowUserReviews-g670918-d3221742-r495004074-Dam_San_Hotel-Buon_Ma_Thuot_Dak_Lak_Province.html
Đinh S,https://www.tripadvisor.com.vn/Profile/BackPacker676546,https://www.tripadvisor.com.vn/ShowUserReviews-g670918-d9874007-r431420416-Bazan_Hotel_Dak_Lak-Buon_Ma_Thuot_Dak_Lak_Province.html
Paul H,https://www.tripadvisor.com.vn/Profile/PaulH911,https://www.tripadvisor.com.vn/ShowUserReviews-g670918-d9874007-r537840879-Bazan_Hotel_Dak_Lak-Buon_Ma_Thuot_Dak_Lak_Province.html
Heo Đ,https://www.tripadvisor.com.vn/Profile/heo_55,https://www.tripadvisor.com.vn/ShowUserReviews-g670918-d9874007-r465992961-Bazan_Hotel_Dak_Lak-Buon_Ma_Thuot_Dak_Lak_Province.html
Cuoi T,https://www.tripadvisor.com.vn/Profile/CuoiT1,https://www.tripadvisor.com.vn/ShowUserReviews-g670918-d10522017-r554788465-The_Highland_House-Buon_Ma_Thuot_Dak_Lak_Province.html
XuPie,https://www.tripadvisor.com.vn/Profile/XuPie,https://www.tripadvisor.com.vn/ShowUserReviews-g670918-d10522017-r531932676-The_Highland_House-Buon_Ma_Thuot_Dak_Lak_Province.html
Chí Vinh L,https://www.tripadvisor.com.vn/Profile/Pioneer725379,https://www.tripadvisor.com.vn/ShowUserReviews-g670918-d10522017-r509885119-The_Highland_House-Buon_Ma_Thuot_Dak_Lak_Province.html
pham b,https://www.tripadvisor.com.vn/Profile/329phamb,https://www.tripadvisor.com.vn/ShowUserReviews-g670918-d10522017-r479896556-The_Highland_House-Buon_Ma_Thuot_Dak_Lak_Province.html
quynhanh9216,https://www.tripadvisor.com.vn/Profile/quynhanh9216,https://www.tripadvisor.com.vn/ShowUserReviews-g670918-d10522017-r451802377-The_Highland_House-Buon_Ma_Thuot_Dak_Lak_Province.html
Mỹ Duyên H,https://www.tripadvisor.com.vn/Profile/Mobile692840,https://www.tripadvisor.com.vn/ShowUserReviews-g670918-d12130390-r456570469-Muong_Thanh_Luxury_Buon_Ma_Thuot-Buon_Ma_Thuot_Dak_Lak_Province.html
Huynh T,https://www.tripadvisor.com.vn/Profile/HuynhT124,https://www.tripadvisor.com.vn/ShowUserReviews-g670918-d12130390-r456324309-Muong_Thanh_Luxury_Buon_Ma_Thuot-Buon_Ma_Thuot_Dak_Lak_Province.html
Phong P,https://www.tripadvisor.com.vn/Profile/phongp276,https://www.tripadvisor.com.vn/ShowUserReviews-g670918-d12130390-r610118225-Muong_Thanh_Luxury_Buon_Ma_Thuot-Buon_Ma_Thuot_Dak_Lak_Province.html
Rick B,https://www.tripadvisor.com.vn/Profile/rickbM4897BN,https://www.tripadvisor.com.vn/ShowUserReviews-g670918-d12130390-r589879480-Muong_Thanh_Luxury_Buon_Ma_Thuot-Buon_Ma_Thuot_Dak_Lak_Province.html
Tea N,https://www.tripadvisor.com.vn/Profile/TeaN42,https://www.tripadvisor.com.vn/ShowUserReviews-g670918-d12130390-r589665342-Muong_Thanh_Luxury_Buon_Ma_Thuot-Buon_Ma_Thuot_Dak_Lak_Province.html
KhanhVanPR,https://www.tripadvisor.com.vn/Profile/KhanhVanPR,https://www.tripadvisor.com.vn/ShowUserReviews-g670918-d3251736-r288444093-Saigon_Banme_Hotel-Buon_Ma_Thuot_Dak_Lak_Province.html
aliderm,https://www.tripadvisor.com.vn/Profile/aliderm,https://www.tripadvisor.com.vn/ShowUserReviews-g670918-d3251736-r201147341-Saigon_Banme_Hotel-Buon_Ma_Thuot_Dak_Lak_Province.html
Thuha,https://www.tripadvisor.com.vn/Profile/junie1706,https://www.tripadvisor.com.vn/ShowUserReviews-g670918-d3251736-r646144345-Saigon_Banme_Hotel-Buon_Ma_Thuot_Dak_Lak_Province.html
RubyNguyen18,https://www.tripadvisor.com.vn/Profile/RubyNguyen18,https://www.tripadvisor.com.vn/ShowUserReviews-g670918-d3251736-r638087384-Saigon_Banme_Hotel-Buon_Ma_Thuot_Dak_Lak_Province.html
Steve C,https://www.tripadvisor.com.vn/Profile/J8647AGstevec,https://www.tripadvisor.com.vn/ShowUserReviews-g670918-d3251736-r566423915-Saigon_Banme_Hotel-Buon_Ma_Thuot_Dak_Lak_Province.html
Yana L,https://www.tripadvisor.com.vn/Profile/767yanal,https://www.tripadvisor.com.vn/ShowUserReviews-g670918-d1772273-r658819960-Dakruco_Hotel-Buon_Ma_Thuot_Dak_Lak_Province.html
Douglas p,https://www.tripadvisor.com.vn/Profile/douglasp384,https://www.tripadvisor.com.vn/ShowUserReviews-g670918-d1772273-r563334839-Dakruco_Hotel-Buon_Ma_Thuot_Dak_Lak_Province.html
weerandal,https://www.tripadvisor.com.vn/Profile/weerandal,https://www.tripadvisor.com.vn/ShowUserReviews-g670918-d1772273-r552986028-Dakruco_Hotel-Buon_Ma_Thuot_Dak_Lak_Province.html
Neville,https://www.tripadvisor.com.vn/Profile/NevilleTamboowalla,https://www.tripadvisor.com.vn/ShowUserReviews-g670918-d1772273-r550215429-Dakruco_Hotel-Buon_Ma_Thuot_Dak_Lak_Province.html
JBAMD,https://www.tripadvisor.com.vn/Profile/JBAMD,https://www.tripadvisor.com.vn/ShowUserReviews-g670918-d1772273-r543931778-Dakruco_Hotel-Buon_Ma_Thuot_Dak_Lak_Province.html
LAM GIA PHUC H,https://www.tripadvisor.com.vn/Profile/LAMGIAPHUCH,https://www.tripadvisor.com.vn/ShowUserReviews-g670918-d4167247-r567122219-H_T_Hotel_Daklak-Buon_Ma_Thuot_Dak_Lak_Province.html
Bảo Trâm N,https://www.tripadvisor.com.vn/Profile/b_otr_mn513,https://www.tripadvisor.com.vn/ShowUserReviews-g670918-d4167247-r490563713-H_T_Hotel_Daklak-Buon_Ma_Thuot_Dak_Lak_Province.html
Giang N,https://www.tripadvisor.com.vn/Profile/176giangn,https://www.tripadvisor.com.vn/ShowUserReviews-g670918-d4167247-r345118405-H_T_Hotel_Daklak-Buon_Ma_Thuot_Dak_Lak_Province.html
Minhphuong2018,https://www.tripadvisor.com.vn/Profile/Minhphuong2018,https://www.tripadvisor.com.vn/ShowUserReviews-g670918-d4167247-r605838224-H_T_Hotel_Daklak-Buon_Ma_Thuot_Dak_Lak_Province.html
Cá H,https://www.tripadvisor.com.vn/Profile/Maps760733,https://www.tripadvisor.com.vn/ShowUserReviews-g670918-d4167247-r566397603-H_T_Hotel_Daklak-Buon_Ma_Thuot_Dak_Lak_Province.html
Clipper707,https://www.tripadvisor.com.vn/Profile/ClipperMonsoon,https://www.tripadvisor.com.vn/ShowUserReviews-g670918-d6577153-r553267208-Coffee_Tour_Resort-Buon_Ma_Thuot_Dak_Lak_Province.html
TerryinBangkok,https://www.tripadvisor.com.vn/Profile/TerryinBangkok,https://www.tripadvisor.com.vn/ShowUserReviews-g670918-d6577153-r538270007-Coffee_Tour_Resort-Buon_Ma_Thuot_Dak_Lak_Province.html
Meg_Redding,https://www.tripadvisor.com.vn/Profile/Meg_Redding,https://www.tripadvisor.com.vn/ShowUserReviews-g670918-d6577153-r537485488-Coffee_Tour_Resort-Buon_Ma_Thuot_Dak_Lak_Province.html
benmrkv96,https://www.tripadvisor.com.vn/Profile/benmrkv96,https://www.tripadvisor.com.vn/ShowUserReviews-g670918-d6577153-r535877788-Coffee_Tour_Resort-Buon_Ma_Thuot_Dak_Lak_Province.html
alfred D,https://www.tripadvisor.com.vn/Profile/291PeterH291,https://www.tripadvisor.com.vn/ShowUserReviews-g670918-d6577153-r534166793-Coffee_Tour_Resort-Buon_Ma_Thuot_Dak_Lak_Province.html
Rigggs,https://www.tripadvisor.com.vn/Profile/Rigggs,https://www.tripadvisor.com.vn/ShowUserReviews-g670918-d7218537-r476705489-Hai_Ba_Trung_Hotel-Buon_Ma_Thuot_Dak_Lak_Province.html
H N,https://www.tripadvisor.com.vn/Profile/hn331,https://www.tripadvisor.com.vn/ShowUserReviews-g670918-d7218537-r459061314-Hai_Ba_Trung_Hotel-Buon_Ma_Thuot_Dak_Lak_Province.html
Trần Xuân T,https://www.tripadvisor.com.vn/Profile/Curious687143,https://www.tripadvisor.com.vn/ShowUserReviews-g670918-d10522017-r448210015-The_Highland_House-Buon_Ma_Thuot_Dak_Lak_Province.html
Thu Hoa N,https://www.tripadvisor.com.vn/Profile/thuh0an,https://www.tripadvisor.com.vn/ShowUserReviews-g670918-d10522017-r438984714-The_Highland_House-Buon_Ma_Thuot_Dak_Lak_Province.html
Phú Trần,https://www.tripadvisor.com.vn/Profile/Wildhorse1990,https://www.tripadvisor.com.vn/ShowUserReviews-g670918-d10522017-r430587105-The_Highland_House-Buon_Ma_Thuot_Dak_Lak_Province.html
anhkieuchau,https://www.tripadvisor.com.vn/Profile/anhkieuchau,https://www.tripadvisor.com.vn/ShowUserReviews-g670918-d10522017-r405621867-The_Highland_House-Buon_Ma_Thuot_Dak_Lak_Province.html
anhkieuchau,https://www.tripadvisor.com.vn/Profile/anhkieuchau,https://www.tripadvisor.com.vn/ShowUserReviews-g670918-d10522017-r381564641-The_Highland_House-Buon_Ma_Thuot_Dak_Lak_Province.html
Joe_K_US,https://www.tripadvisor.com.vn/Profile/Joe_K_US,https://www.tripadvisor.com.vn/ShowUserReviews-g670918-d1772273-r496725836-Dakruco_Hotel-Buon_Ma_Thuot_Dak_Lak_Province.html
Louis,https://www.tripadvisor.com.vn/Profile/Louis-LVP,https://www.tripadvisor.com.vn/ShowUserReviews-g670918-d1772273-r491727106-Dakruco_Hotel-Buon_Ma_Thuot_Dak_Lak_Province.html
ronsaw,https://www.tripadvisor.com.vn/Profile/ronsaw,https://www.tripadvisor.com.vn/ShowUserReviews-g670918-d1772273-r479936650-Dakruco_Hotel-Buon_Ma_Thuot_Dak_Lak_Province.html
Alisher S,https://www.tripadvisor.com.vn/Profile/18alishers,https://www.tripadvisor.com.vn/ShowUserReviews-g670918-d12130390-r578270904-Muong_Thanh_Luxury_Buon_Ma_Thuot-Buon_Ma_Thuot_Dak_Lak_Province.html
motherlandtravel69,https://www.tripadvisor.com.vn/Profile/motherlandtravel69,https://www.tripadvisor.com.vn/ShowUserReviews-g670918-d12130390-r577771075-Muong_Thanh_Luxury_Buon_Ma_Thuot-Buon_Ma_Thuot_Dak_Lak_Province.html
Hai Duong N,https://www.tripadvisor.com.vn/Profile/haiduongn2015,https://www.tripadvisor.com.vn/ShowUserReviews-g670918-d3251736-r563536581-Saigon_Banme_Hotel-Buon_Ma_Thuot_Dak_Lak_Province.html
Graham R,https://www.tripadvisor.com.vn/Profile/grahamrF5603ZO,https://www.tripadvisor.com.vn/ShowUserReviews-g670918-d3251736-r552618292-Saigon_Banme_Hotel-Buon_Ma_Thuot_Dak_Lak_Province.html
Goon S,https://www.tripadvisor.com.vn/Profile/goons2017,https://www.tripadvisor.com.vn/ShowUserReviews-g670918-d3251736-r550367439-Saigon_Banme_Hotel-Buon_Ma_Thuot_Dak_Lak_Province.html
Paul H,https://www.tripadvisor.com.vn/Profile/PaulH911,https://www.tripadvisor.com.vn/ShowUserReviews-g670918-d3251736-r539311028-Saigon_Banme_Hotel-Buon_Ma_Thuot_Dak_Lak_Province.html
kochbail,https://www.tripadvisor.com.vn/Profile/kochbail,https://www.tripadvisor.com.vn/ShowUserReviews-g670918-d3251736-r533004129-Saigon_Banme_Hotel-Buon_Ma_Thuot_Dak_Lak_Province.html
Paul H,https://www.tripadvisor.com.vn/Profile/PaulH911,https://www.tripadvisor.com.vn/ShowUserReviews-g670918-d4167247-r538653452-H_T_Hotel_Daklak-Buon_Ma_Thuot_Dak_Lak_Province.html
Thuy Le,https://www.tripadvisor.com.vn/Profile/ThuyLe-JVT,https://www.tripadvisor.com.vn/ShowUserReviews-g670918-d6577153-r492649667-Coffee_Tour_Resort-Buon_Ma_Thuot_Dak_Lak_Province.html
jlevysso,https://www.tripadvisor.com.vn/Profile/jlevysso,https://www.tripadvisor.com.vn/ShowUserReviews-g670918-d6577153-r481814348-Coffee_Tour_Resort-Buon_Ma_Thuot_Dak_Lak_Province.html
Craig S,https://www.tripadvisor.com.vn/Profile/360craigs,https://www.tripadvisor.com.vn/ShowUserReviews-g670918-d6577153-r475137748-Coffee_Tour_Resort-Buon_Ma_Thuot_Dak_Lak_Province.html
Bao H V,https://www.tripadvisor.com.vn/Profile/voh773,https://www.tripadvisor.com.vn/ShowUserReviews-g670918-d10522017-r650704026-The_Highland_House-Buon_Ma_Thuot_Dak_Lak_Province.html
Catherine G,https://www.tripadvisor.com.vn/Profile/926uyenp,https://www.tripadvisor.com.vn/ShowUserReviews-g670918-d10522017-r487387113-The_Highland_House-Buon_Ma_Thuot_Dak_Lak_Province.html
Quyên N,https://www.tripadvisor.com.vn/Profile/FarAway599861,https://www.tripadvisor.com.vn/ShowUserReviews-g670918-d10522017-r485833231-The_Highland_House-Buon_Ma_Thuot_Dak_Lak_Province.html
Dương P,https://www.tripadvisor.com.vn/Profile/PhamDuong8800,https://www.tripadvisor.com.vn/ShowUserReviews-g670918-d10522017-r462486948-The_Highland_House-Buon_Ma_Thuot_Dak_Lak_Province.html
magdaliee,https://www.tripadvisor.com.vn/Profile/magdaliee,https://www.tripadvisor.com.vn/ShowUserReviews-g670918-d10522017-r458190843-The_Highland_House-Buon_Ma_Thuot_Dak_Lak_Province.html
BaSon,https://www.tripadvisor.com.vn/Profile/BaSon2212,https://www.tripadvisor.com.vn/ShowUserReviews-g670918-d3251736-r528972987-Saigon_Banme_Hotel-Buon_Ma_Thuot_Dak_Lak_Province.html
Julie C,https://www.tripadvisor.com.vn/Profile/juliecD3577JE,https://www.tripadvisor.com.vn/ShowUserReviews-g670918-d3251736-r527019115-Saigon_Banme_Hotel-Buon_Ma_Thuot_Dak_Lak_Province.html
Shahar E,https://www.tripadvisor.com.vn/Profile/294shahare,https://www.tripadvisor.com.vn/ShowUserReviews-g670918-d3251736-r505733491-Saigon_Banme_Hotel-Buon_Ma_Thuot_Dak_Lak_Province.html
marukonguyen,https://www.tripadvisor.com.vn/Profile/marukonguyen,https://www.tripadvisor.com.vn/ShowUserReviews-g670918-d10522017-r458064330-The_Highland_House-Buon_Ma_Thuot_Dak_Lak_Province.html
Đinh S,https://www.tripadvisor.com.vn/Profile/BackPacker676546,https://www.tripadvisor.com.vn/ShowUserReviews-g670918-d6577153-r431420455-Coffee_Tour_Resort-Buon_Ma_Thuot_Dak_Lak_Province.html
Tram H,https://www.tripadvisor.com.vn/Profile/TramH33,https://www.tripadvisor.com.vn/ShowUserReviews-g670918-d6577153-r428600285-Coffee_Tour_Resort-Buon_Ma_Thuot_Dak_Lak_Province.html
Thu Van N,https://www.tripadvisor.com.vn/Profile/maynguyen273,https://www.tripadvisor.com.vn/ShowUserReviews-g670918-d6577153-r375640334-Coffee_Tour_Resort-Buon_Ma_Thuot_Dak_Lak_Province.html
Dominic P,https://www.tripadvisor.com.vn/Profile/300dominicp,https://www.tripadvisor.com.vn/ShowUserReviews-g670918-d6577153-r577824208-Coffee_Tour_Resort-Buon_Ma_Thuot_Dak_Lak_Province.html
Kayren2014,https://www.tripadvisor.com.vn/Profile/Kayren2014,https://www.tripadvisor.com.vn/ShowUserReviews-g670918-d6577153-r561403958-Coffee_Tour_Resort-Buon_Ma_Thuot_Dak_Lak_Province.html
Cuoi T,https://www.tripadvisor.com.vn/Profile/CuoiT1,https://www.tripadvisor.com.vn/ShowUserReviews-g670918-d10522017-r554788465-The_Highland_House-Buon_Ma_Thuot_Dak_Lak_Province.html
XuPie,https://www.tripadvisor.com.vn/Profile/XuPie,https://www.tripadvisor.com.vn/ShowUserReviews-g670918-d10522017-r531932676-The_Highland_House-Buon_Ma_Thuot_Dak_Lak_Province.html
Chí Vinh L,https://www.tripadvisor.com.vn/Profile/Pioneer725379,https://www.tripadvisor.com.vn/ShowUserReviews-g670918-d10522017-r509885119-The_Highland_House-Buon_Ma_Thuot_Dak_Lak_Province.html
pham b,https://www.tripadvisor.com.vn/Profile/329phamb,https://www.tripadvisor.com.vn/ShowUserReviews-g670918-d10522017-r479896556-The_Highland_House-Buon_Ma_Thuot_Dak_Lak_Province.html
quynhanh9216,https://www.tripadvisor.com.vn/Profile/quynhanh9216,https://www.tripadvisor.com.vn/ShowUserReviews-g670918-d10522017-r451802377-The_Highland_House-Buon_Ma_Thuot_Dak_Lak_Province.html
HoangHai009vn,https://www.tripadvisor.com.vn/Profile/HoangHai009vn,https://www.tripadvisor.com.vn/ShowUserReviews-g670918-d1772273-r470501110-Dakruco_Hotel-Buon_Ma_Thuot_Dak_Lak_Province.html
Thủy N,https://www.tripadvisor.com.vn/Profile/Camper664783,https://www.tripadvisor.com.vn/ShowUserReviews-g670918-d1772273-r406519360-Dakruco_Hotel-Buon_Ma_Thuot_Dak_Lak_Province.html
chi h,https://www.tripadvisor.com.vn/Profile/Annyhuynh,https://www.tripadvisor.com.vn/ShowUserReviews-g670918-d1772273-r320577848-Dakruco_Hotel-Buon_Ma_Thuot_Dak_Lak_Province.html
phannhan2015,https://www.tripadvisor.com.vn/Profile/phannhan2015,https://www.tripadvisor.com.vn/ShowUserReviews-g670918-d1772273-r316270248-Dakruco_Hotel-Buon_Ma_Thuot_Dak_Lak_Province.html
Richelle R,https://www.tripadvisor.com.vn/Profile/652richeller,https://www.tripadvisor.com.vn/ShowUserReviews-g670918-d1772273-r200829822-Dakruco_Hotel-Buon_Ma_Thuot_Dak_Lak_Province.html
HOANGAN19071987,https://www.tripadvisor.com.vn/Profile/HOANGAN19071987,https://www.tripadvisor.com.vn/ShowUserReviews-g670918-d12130390-r634752643-Muong_Thanh_Luxury_Buon_Ma_Thuot-Buon_Ma_Thuot_Dak_Lak_Province.html
ToanLe8792,https://www.tripadvisor.com.vn/Profile/ToanLe8792,https://www.tripadvisor.com.vn/ShowUserReviews-g670918-d12130390-r606749531-Muong_Thanh_Luxury_Buon_Ma_Thuot-Buon_Ma_Thuot_Dak_Lak_Province.html
ThamPham91,https://www.tripadvisor.com.vn/Profile/ThamPham91,https://www.tripadvisor.com.vn/ShowUserReviews-g670918-d12130390-r595706109-Muong_Thanh_Luxury_Buon_Ma_Thuot-Buon_Ma_Thuot_Dak_Lak_Province.html
chí n,https://www.tripadvisor.com.vn/Profile/Experience782158,https://www.tripadvisor.com.vn/ShowUserReviews-g670918-d12130390-r589557997-Muong_Thanh_Luxury_Buon_Ma_Thuot-Buon_Ma_Thuot_Dak_Lak_Province.html
chinhiz,https://www.tripadvisor.com.vn/Profile/chinhiz,https://www.tripadvisor.com.vn/ShowUserReviews-g670918-d12130390-r476003422-Muong_Thanh_Luxury_Buon_Ma_Thuot-Buon_Ma_Thuot_Dak_Lak_Province.html
MichaelHung,https://www.tripadvisor.com.vn/Profile/MichaelHung,https://www.tripadvisor.com.vn/ShowUserReviews-g670918-d3251736-r660688134-Saigon_Banme_Hotel-Buon_Ma_Thuot_Dak_Lak_Province.html
Thuong_Event,https://www.tripadvisor.com.vn/Profile/Thuong_Event,https://www.tripadvisor.com.vn/ShowUserReviews-g670918-d3251736-r422705020-Saigon_Banme_Hotel-Buon_Ma_Thuot_Dak_Lak_Province.html
Do Manh Duc,https://www.tripadvisor.com.vn/Profile/LukeDo-67,https://www.tripadvisor.com.vn/ShowUserReviews-g670918-d3251736-r420411588-Saigon_Banme_Hotel-Buon_Ma_Thuot_Dak_Lak_Province.html
monmeomeomeo,https://www.tripadvisor.com.vn/Profile/monmeomeomeo,https://www.tripadvisor.com.vn/ShowUserReviews-g670918-d3251736-r322712994-Saigon_Banme_Hotel-Buon_Ma_Thuot_Dak_Lak_Province.html
HoangYenHo,https://www.tripadvisor.com.vn/Profile/HoangYenHo,https://www.tripadvisor.com.vn/ShowUserReviews-g670918-d3251736-r311690333-Saigon_Banme_Hotel-Buon_Ma_Thuot_Dak_Lak_Province.html
andymt1965,https://www.tripadvisor.com.vn/Profile/andymt1965,https://www.tripadvisor.com.vn/ShowUserReviews-g670918-d3221742-r602336597-Dam_San_Hotel-Buon_Ma_Thuot_Dak_Lak_Province.html
gtrot,https://www.tripadvisor.com.vn/Profile/gtrot,https://www.tripadvisor.com.vn/ShowUserReviews-g670918-d3221742-r560053944-Dam_San_Hotel-Buon_Ma_Thuot_Dak_Lak_Province.html
RyanDg35,https://www.tripadvisor.com.vn/Profile/RyanDg35,https://www.tripadvisor.com.vn/ShowUserReviews-g670918-d3221742-r495004074-Dam_San_Hotel-Buon_Ma_Thuot_Dak_Lak_Province.html
Đinh S,https://www.tripadvisor.com.vn/Profile/BackPacker676546,https://www.tripadvisor.com.vn/ShowUserReviews-g670918-d9874007-r431420416-Bazan_Hotel_Dak_Lak-Buon_Ma_Thuot_Dak_Lak_Province.html
Paul H,https://www.tripadvisor.com.vn/Profile/PaulH911,https://www.tripadvisor.com.vn/ShowUserReviews-g670918-d9874007-r537840879-Bazan_Hotel_Dak_Lak-Buon_Ma_Thuot_Dak_Lak_Province.html
Heo Đ,https://www.tripadvisor.com.vn/Profile/heo_55,https://www.tripadvisor.com.vn/ShowUserReviews-g670918-d9874007-r465992961-Bazan_Hotel_Dak_Lak-Buon_Ma_Thuot_Dak_Lak_Province.html
